sbatch_run,rule_name,snakemake_jobid,slurm_jobid,submit_time,finish_time,status,mem_mb,runtime_min,cpus,wildcards,actual_duration_min,pct_runtime_used,cpu_efficiency,error_type,error_msg,log_path
run-1,get_obo_labels,5,74095,2025-12-08 21:09,2025-12-08 21:19,success,64000,120,4,,10.5,8.7,,,,babel_outputs/logs/rule_get_obo_labels/74095.log
run-1,get_obo_synonyms,6,74099,2025-12-08 21:09,2025-12-08 21:20,success,64000,120,4,,11.2,9.3,,,,babel_outputs/logs/rule_get_obo_synonyms/74099.log
run-1,get_anatomy_obo_relationships,7,74149,2025-12-08 21:10,—,failed,64000,120,4,,,,,JSONDecodeError,Invalid control character at: line 2909294 column 46 (char 81477655),babel_outputs/logs/rule_get_anatomy_obo_relationships/74149.log
run-1,get_anatomy_umls_relationships,8,74207,2025-12-08 21:23,2025-12-08 21:24,success,64000,120,4,,1.3,1.1,,,,babel_outputs/logs/rule_get_anatomy_umls_relationships/74207.log
run-1,download_umls,9,74105,2025-12-08 21:09,2025-12-08 21:22,success,64000,120,4,,13.3,11.1,,,,babel_outputs/logs/rule_download_umls/74105.log
run-1,anatomy_umls_ids,10,74195,2025-12-08 21:22,2025-12-08 21:23,success,64000,120,4,,0.7,0.6,,,,babel_outputs/logs/rule_anatomy_umls_ids/74195.log
run-1,get_wikidata_cell_relationships,11,74103,2025-12-08 21:09,2025-12-08 21:10,success,64000,120,4,,0.6,0.5,,,,babel_outputs/logs/rule_get_wikidata_cell_relationships/74103.log
run-1,anatomy_uberon_ids,12,74110,2025-12-08 21:09,2025-12-08 21:12,success,64000,120,4,,3.3,2.7,,,,babel_outputs/logs/rule_anatomy_uberon_ids/74110.log
run-1,anatomy_go_ids,13,74117,2025-12-08 21:10,2025-12-08 21:10,success,64000,120,4,,0.7,0.6,,,,babel_outputs/logs/rule_anatomy_go_ids/74117.log
run-1,anatomy_cl_ids,14,74075,2025-12-08 21:09,2025-12-08 21:10,success,64000,120,4,,0.6,0.5,,,,babel_outputs/logs/rule_anatomy_cl_ids/74075.log
run-1,anatomy_mesh_ids,15,74182,2025-12-08 21:11,2025-12-08 21:13,success,64000,120,4,,2.0,1.7,,,,babel_outputs/logs/rule_anatomy_mesh_ids/74182.log
run-1,get_mesh,16,74123,2025-12-08 21:10,2025-12-08 21:11,success,64000,120,4,,1.4,1.1,,,,babel_outputs/logs/rule_get_mesh/74123.log
run-1,anatomy_ncit_ids,17,74127,2025-12-08 21:10,2025-12-08 21:10,success,64000,120,4,,0.7,0.6,,,,babel_outputs/logs/rule_anatomy_ncit_ids/74127.log
run-1,get_icrdf,18,74190,2025-12-08 21:20,2025-12-08 21:28,success,64000,120,4,,7.8,6.5,,,,babel_outputs/logs/rule_get_icrdf/74190.log
run-1,get_obo_descriptions,19,74073,2025-12-08 21:09,2025-12-08 21:15,success,64000,120,4,,6.0,5.0,,,,babel_outputs/logs/rule_get_obo_descriptions/74073.log
run-1,chembl_labels_and_smiles,28,74184,2025-12-08 21:14,2025-12-08 21:39,success,128000,120,4,,25.6,21.3,,,,babel_outputs/logs/rule_chembl_labels_and_smiles/74184.log
run-1,get_chembl,29,74098,2025-12-08 21:09,2025-12-08 21:14,success,64000,120,4,,4.6,3.9,,,,babel_outputs/logs/rule_get_chembl/74098.log
run-1,gtopdb_labels_and_synonyms,30,74141,2025-12-08 21:10,2025-12-08 21:10,success,64000,120,4,,0.7,0.6,,,,babel_outputs/logs/rule_gtopdb_labels_and_synonyms/74141.log
run-1,get_gtopdb,31,74106,2025-12-08 21:09,2025-12-08 21:10,success,64000,120,4,,0.6,0.5,,,,babel_outputs/logs/rule_get_gtopdb/74106.log
run-1,keggcompound_labels,32,74088,2025-12-08 21:09,2025-12-08 21:16,success,64000,120,4,,7.3,6.1,,,,babel_outputs/logs/rule_keggcompound_labels/74088.log
run-1,unii_labels_and_synonyms,33,74136,2025-12-08 21:10,2025-12-08 21:10,success,64000,120,4,,0.7,0.6,,,,babel_outputs/logs/rule_unii_labels_and_synonyms/74136.log
run-1,get_unii,34,74115,2025-12-08 21:09,2025-12-08 21:10,success,64000,120,4,,0.6,0.5,,,,babel_outputs/logs/rule_get_unii/74115.log
run-1,get_HMDB,36,74071,2025-12-08 21:09,—,failed,64000,120,4,,,,,HTTPError,HTTP Error 504: Gateway Time-out,babel_outputs/logs/rule_get_HMDB/74071.log
run-1,pubchem_labels,37,74166,2025-12-08 21:10,2025-12-08 21:16,success,64000,120,4,,5.3,4.4,,,,babel_outputs/logs/rule_pubchem_labels/74166.log
run-1,get_pubchem,38,74081,2025-12-08 21:09,2025-12-08 21:10,success,64000,120,4,,1.2,1.0,,,,babel_outputs/logs/rule_get_pubchem/74081.log
run-1,get_drugcentral,39,74140,2025-12-08 21:10,2025-12-08 21:10,success,64000,120,4,,0.7,0.6,,,,babel_outputs/logs/rule_get_drugcentral/74140.log
run-1,get_umls_labels_and_synonyms,40,74197,2025-12-08 21:22,2025-12-08 21:24,success,64000,120,4,,1.3,1.1,,,,babel_outputs/logs/rule_get_umls_labels_and_synonyms/74197.log
run-1,get_drugbank_labels_and_synonyms,41,74101,2025-12-08 21:09,2025-12-08 21:10,success,64000,120,4,,0.6,0.5,,,,babel_outputs/logs/rule_get_drugbank_labels_and_synonyms/74101.log
run-1,pubchem_synonyms,42,74167,2025-12-08 21:10,2025-12-08 21:14,success,64000,120,4,,3.3,2.8,,,,babel_outputs/logs/rule_pubchem_synonyms/74167.log
run-1,get_chemical_unichem_relationships,44,74271,2025-12-08 21:37,—,failed,64000,120,4,,,,,EOFError,Compressed file ended before the end-of-stream marker was reached,babel_outputs/logs/rule_get_chemical_unichem_relationships/74271.log
run-1,get_unichem,45,74157,2025-12-08 21:10,2025-12-08 21:31,success,64000,120,4,,20.6,17.1,,,,babel_outputs/logs/rule_get_unichem/74157.log
run-1,filter_unichem,46,74237,2025-12-08 21:31,2025-12-08 21:37,success,64000,120,4,,6.2,5.2,,,,babel_outputs/logs/rule_filter_unichem/74237.log
run-1,get_chemical_wikipedia_relationships,47,74077,2025-12-08 21:09,2025-12-08 21:10,success,64000,120,4,,0.6,0.5,,,,babel_outputs/logs/rule_get_chemical_wikipedia_relationships/74077.log
run-1,get_chemical_pubchem_mesh_concord,48,74187,2025-12-08 21:14,2025-12-08 21:14,success,64000,120,4,,0.7,0.6,,,,babel_outputs/logs/rule_get_chemical_pubchem_mesh_concord/74187.log
run-1,get_mesh_labels,49,74176,2025-12-08 21:11,2025-12-08 21:14,success,64000,120,4,,2.7,2.2,,,,babel_outputs/logs/rule_get_mesh_labels/74176.log
run-1,get_chemical_mesh_relationships,50,74185,2025-12-08 21:14,2025-12-08 21:16,success,64000,120,4,,2.0,1.7,,,,babel_outputs/logs/rule_get_chemical_mesh_relationships/74185.log
run-1,chemical_mesh_ids,51,74178,2025-12-08 21:11,2025-12-08 21:14,success,64000,120,4,,2.7,2.2,,,,babel_outputs/logs/rule_chemical_mesh_ids/74178.log
run-1,get_chemical_pubchem_cas_concord,52,74186,2025-12-08 21:14,2025-12-08 21:16,success,64000,120,4,,2.0,1.7,,,,babel_outputs/logs/rule_get_chemical_pubchem_cas_concord/74186.log
run-1,get_gtopdb_inchikey_concord,53,74145,2025-12-08 21:10,2025-12-08 21:10,success,64000,120,4,,0.7,0.6,,,,babel_outputs/logs/rule_get_gtopdb_inchikey_concord/74145.log
run-1,get_chebi_concord,54,74152,2025-12-08 21:10,2025-12-08 21:11,success,64000,120,4,,0.7,0.6,,,,babel_outputs/logs/rule_get_chebi_concord/74152.log
run-1,get_chebi,55,74111,2025-12-08 21:09,2025-12-08 21:10,success,64000,120,4,,0.6,0.5,,,,babel_outputs/logs/rule_get_chebi/74111.log
run-1,get_chemical_umls_relationships,56,74206,2025-12-08 21:23,2025-12-08 21:24,success,64000,120,4,,1.3,1.1,,,,babel_outputs/logs/rule_get_chemical_umls_relationships/74206.log
run-1,chemical_umls_ids,57,74201,2025-12-08 21:22,2025-12-08 21:23,success,64000,120,4,,0.7,0.6,,,,babel_outputs/logs/rule_chemical_umls_ids/74201.log
run-1,get_chemical_drugcentral_relationships,58,74174,2025-12-08 21:10,2025-12-08 21:11,success,64000,120,4,,0.6,0.5,,,,babel_outputs/logs/rule_get_chemical_drugcentral_relationships/74174.log
run-1,get_chemical_rxnorm_relationships,59,74180,2025-12-08 21:11,2025-12-08 21:12,success,64000,120,4,,0.7,0.6,,,,babel_outputs/logs/rule_get_chemical_rxnorm_relationships/74180.log
run-1,chemical_rxnorm_ids,60,74161,2025-12-08 21:10,2025-12-08 21:11,success,64000,120,4,,0.7,0.5,,,,babel_outputs/logs/rule_chemical_rxnorm_ids/74161.log
run-1,download_rxnorm,61,74068,2025-12-08 21:09,2025-12-08 21:10,success,64000,120,4,,1.2,1.0,,,,babel_outputs/logs/rule_download_rxnorm/74068.log
run-1,chemical_chembl_ids,62,74275,2025-12-08 21:39,2025-12-08 21:40,success,64000,120,4,,0.7,0.6,,,,babel_outputs/logs/rule_chemical_chembl_ids/74275.log
run-1,chemical_gtopdb_ids,63,74147,2025-12-08 21:10,2025-12-08 21:10,success,64000,120,4,,0.7,0.6,,,,babel_outputs/logs/rule_chemical_gtopdb_ids/74147.log
run-1,chemical_kegg_ids,64,74189,2025-12-08 21:16,2025-12-08 21:17,success,64000,120,4,,0.7,0.6,,,,babel_outputs/logs/rule_chemical_kegg_ids/74189.log
run-1,chemical_chebi_ids,65,74159,2025-12-08 21:10,—,failed,64000,120,4,,,,,HTTPError,HTTP Error 503: Service Temporarily Unavailable,babel_outputs/logs/rule_chemical_chebi_ids/74159.log
run-1,chemical_unii_ids,66,74143,2025-12-08 21:10,2025-12-08 21:10,success,64000,120,4,,0.7,0.6,,,,babel_outputs/logs/rule_chemical_unii_ids/74143.log
run-1,chemical_pubchem_ids,68,74188,2025-12-08 21:16,2025-12-08 21:22,success,64000,120,4,,6.7,5.6,,,,babel_outputs/logs/rule_chemical_pubchem_ids/74188.log
run-1,get_pubchem_structures,69,74078,2025-12-08 21:09,2025-12-08 21:11,success,64000,120,4,,1.9,1.6,,,,babel_outputs/logs/rule_get_pubchem_structures/74078.log
run-1,chemical_drugcentral_ids,70,74171,2025-12-08 21:10,2025-12-08 21:11,success,64000,120,4,,0.7,0.5,,,,babel_outputs/logs/rule_chemical_drugcentral_ids/74171.log
run-1,chemical_drugbank_ids,71,74270,2025-12-08 21:37,2025-12-08 21:39,success,64000,120,4,,1.5,1.2,,,,babel_outputs/logs/rule_chemical_drugbank_ids/74270.log
run-1,get_disease_obo_relationships,82,74070,2025-12-08 21:09,2025-12-08 21:10,success,64000,120,4,,1.2,1.0,,,,babel_outputs/logs/rule_get_disease_obo_relationships/74070.log
run-1,get_doid_labels_and_synonyms,83,74153,2025-12-08 21:10,2025-12-08 21:11,success,64000,120,4,,0.7,0.6,,,,babel_outputs/logs/rule_get_doid_labels_and_synonyms/74153.log
run-1,get_doid,84,74116,2025-12-08 21:10,2025-12-08 21:10,success,64000,120,4,,0.7,0.6,,,,babel_outputs/logs/rule_get_doid/74116.log
run-1,get_orphanet_labels_and_synonyms,85,74138,2025-12-08 21:10,2025-12-08 21:10,success,64000,120,4,,0.7,0.6,,,,babel_outputs/logs/rule_get_orphanet_labels_and_synonyms/74138.log
run-1,get_orphanet,86,74093,2025-12-08 21:09,2025-12-08 21:10,success,64000,120,4,,0.6,0.5,,,,babel_outputs/logs/rule_get_orphanet/74093.log
run-1,get_EFO_labels,87,74156,2025-12-08 21:10,2025-12-08 21:11,success,64000,120,4,,0.7,0.6,,,,babel_outputs/logs/rule_get_EFO_labels/74156.log
run-1,get_EFO,88,74102,2025-12-08 21:09,2025-12-08 21:10,success,64000,120,4,,0.6,0.5,,,,babel_outputs/logs/rule_get_EFO/74102.log
run-1,get_mesh_synonyms,89,74094,2025-12-08 21:09,2025-12-08 21:10,success,64000,120,4,,0.6,0.5,,,,babel_outputs/logs/rule_get_mesh_synonyms/74094.log
run-1,get_disease_umls_relationships,90,74205,2025-12-08 21:23,2025-12-08 21:24,success,64000,120,4,,1.3,1.1,,,,babel_outputs/logs/rule_get_disease_umls_relationships/74205.log
run-1,disease_umls_ids,91,74196,2025-12-08 21:22,2025-12-08 21:23,success,64000,120,4,,0.7,0.6,,,,babel_outputs/logs/rule_disease_umls_ids/74196.log
run-1,disease_omim_ids,92,74133,2025-12-08 21:10,2025-12-08 21:10,success,64000,120,4,,0.7,0.6,,,,babel_outputs/logs/rule_disease_omim_ids/74133.log
run-1,get_omim,93,74108,2025-12-08 21:09,2025-12-08 21:10,success,64000,120,4,,0.6,0.5,,,,babel_outputs/logs/rule_get_omim/74108.log
run-1,disease_ncit_ids,94,74113,2025-12-08 21:09,2025-12-08 21:10,success,64000,120,4,,1.3,1.1,,,,babel_outputs/logs/rule_disease_ncit_ids/74113.log
run-1,get_disease_doid_relationships,95,74168,2025-12-08 21:10,2025-12-08 21:11,success,64000,120,4,,0.7,0.5,,,,babel_outputs/logs/rule_get_disease_doid_relationships/74168.log
run-1,get_disease_efo_relationships,96,74170,2025-12-08 21:10,2025-12-08 21:11,success,64000,120,4,,0.7,0.5,,,,babel_outputs/logs/rule_get_disease_efo_relationships/74170.log
run-1,disease_efo_ids,97,74137,2025-12-08 21:10,2025-12-08 21:10,success,64000,120,4,,0.7,0.6,,,,babel_outputs/logs/rule_disease_efo_ids/74137.log
run-1,disease_manual_concord,98,74074,2025-12-08 21:09,—,failed,64000,120,4,,,,,RuntimeError,Found 1 elements on line UMLS:C0011847 oio:exactMatch MONDO:0005148,babel_outputs/logs/rule_disease_manual_concord/74074.log
run-1,disease_mondo_ids,99,74082,2025-12-08 21:09,2025-12-08 21:10,success,64000,120,4,,0.6,0.5,,,,babel_outputs/logs/rule_disease_mondo_ids/74082.log
run-1,disease_doid_ids,100,74181,2025-12-08 21:11,2025-12-08 21:12,success,64000,120,4,,0.7,0.6,,,,babel_outputs/logs/rule_disease_doid_ids/74181.log
run-1,disease_orphanet_ids,101,74172,2025-12-08 21:10,2025-12-08 21:11,success,64000,120,4,,0.7,0.5,,,,babel_outputs/logs/rule_disease_orphanet_ids/74172.log
run-1,disease_hp_ids,102,74097,2025-12-08 21:09,2025-12-08 21:10,success,64000,120,4,,0.6,0.5,,,,babel_outputs/logs/rule_disease_hp_ids/74097.log
run-1,disease_mesh_ids,103,74179,2025-12-08 21:11,2025-12-08 21:13,success,64000,120,4,,2.0,1.7,,,,babel_outputs/logs/rule_disease_mesh_ids/74179.log
run-1,get_hgnc_labels_and_synonyms,109,74162,2025-12-08 21:10,2025-12-08 21:11,success,64000,120,4,,0.7,0.5,,,,babel_outputs/logs/rule_get_hgnc_labels_and_synonyms/74162.log
run-1,get_hgnc,110,74126,2025-12-08 21:10,2025-12-08 21:10,success,64000,120,4,,0.7,0.6,,,,babel_outputs/logs/rule_get_hgnc/74126.log
run-1,get_ncbigene_labels_synonyms_and_taxa,111,74129,2025-12-08 21:10,2025-12-08 21:20,success,64000,120,4,,10.6,8.8,,,,babel_outputs/logs/rule_get_ncbigene_labels_synonyms_and_taxa/74129.log
run-1,get_ncbigene,112,74079,2025-12-08 21:09,2025-12-08 21:10,success,64000,120,4,,0.6,0.5,,,,babel_outputs/logs/rule_get_ncbigene/74079.log
run-1,get_gene_ncbigene_relationships,113,74192,2025-12-08 21:21,2025-12-08 21:26,success,64000,120,4,,5.0,4.2,,,,babel_outputs/logs/rule_get_gene_ncbigene_relationships/74192.log
run-1,gene_ncbi_ids,114,74191,2025-12-08 21:20,2025-12-08 21:21,success,64000,120,4,,0.7,0.6,,,,babel_outputs/logs/rule_gene_ncbi_ids/74191.log
run-1,get_gene_ncbigene_ensembl_relationships,115,74193,2025-12-08 21:21,2025-12-08 21:24,success,64000,120,4,,2.8,2.4,,,,babel_outputs/logs/rule_get_gene_ncbigene_ensembl_relationships/74193.log
run-1,get_gene_medgen_relationships,116,74118,2025-12-08 21:10,2025-12-08 21:10,success,64000,120,4,,0.7,0.6,,,,babel_outputs/logs/rule_get_gene_medgen_relationships/74118.log
run-1,get_gene_umls_relationships,117,74210,2025-12-08 21:24,2025-12-08 21:24,success,64000,120,4,,0.7,0.6,,,,babel_outputs/logs/rule_get_gene_umls_relationships/74210.log
run-1,gene_umls_ids,118,74199,2025-12-08 21:22,2025-12-08 21:24,success,64000,120,4,,1.3,1.1,,,,babel_outputs/logs/rule_gene_umls_ids/74199.log
run-1,get_umls_gene_protein_mappings,119,74087,2025-12-08 21:09,2025-12-08 21:10,success,64000,120,4,,0.6,0.5,,,,babel_outputs/logs/rule_get_umls_gene_protein_mappings/74087.log
run-1,get_ensembl,121,74085,2025-12-08 21:09,—,failed,64000,360,4,,,,,_BiomartException,Query ERROR: caught BioMart::Exception::Usage: Too many attributes selected for External References,babel_outputs/logs/rule_get_ensembl/74085.log
run-1,gene_hgnc_ids,122,74164,2025-12-08 21:10,2025-12-08 21:11,success,64000,120,4,,0.7,0.5,,,,babel_outputs/logs/rule_gene_hgnc_ids/74164.log
run-1,gene_omim_ids,123,74134,2025-12-08 21:10,2025-12-08 21:10,success,64000,120,4,,0.7,0.6,,,,babel_outputs/logs/rule_gene_omim_ids/74134.log
run-1,gene_mods_ids,124,74150,2025-12-08 21:10,2025-12-08 21:11,success,64000,120,4,,0.7,0.6,,,,babel_outputs/logs/rule_gene_mods_ids/74150.log
run-1,get_mods_labels,125,74124,2025-12-08 21:10,2025-12-08 21:10,success,64000,120,4,,0.7,0.6,,,,babel_outputs/logs/rule_get_mods_labels/74124.log
run-1,get_mods,126,74092,2025-12-08 21:09,2025-12-08 21:10,success,64000,120,4,,0.6,0.5,,,,babel_outputs/logs/rule_get_mods/74092.log
run-1,genefamily,128,74234,2025-12-08 21:30,2025-12-08 21:31,success,64000,120,4,,0.7,0.6,,,,babel_outputs/logs/rule_genefamily/74234.log
run-1,check_genefamily_completeness,129,74223,2025-12-08 21:29,2025-12-08 21:30,success,64000,120,4,,0.7,0.6,,,,babel_outputs/logs/rule_check_genefamily_completeness/74223.log
run-1,genefamily_compendia,130,74214,2025-12-08 21:28,2025-12-08 21:29,success,64000,120,4,,1.5,1.2,,,,babel_outputs/logs/rule_genefamily_compendia/74214.log
run-1,get_pantherfamily_labels,131,74135,2025-12-08 21:10,2025-12-08 21:10,success,64000,120,4,,0.7,0.6,,,,babel_outputs/logs/rule_get_pantherfamily_labels/74135.log
run-1,get_pantherfamily,132,74104,2025-12-08 21:09,2025-12-08 21:10,success,64000,120,4,,0.6,0.5,,,,babel_outputs/logs/rule_get_pantherfamily/74104.log
run-1,get_hgncfamily_labels,133,74139,2025-12-08 21:10,2025-12-08 21:10,success,64000,120,4,,0.7,0.6,,,,babel_outputs/logs/rule_get_hgncfamily_labels/74139.log
run-1,get_hgncfamily,134,74112,2025-12-08 21:09,2025-12-08 21:10,success,64000,120,4,,0.6,0.5,,,,babel_outputs/logs/rule_get_hgncfamily/74112.log
run-1,genefamily_pantherfamily_ids,135,74160,2025-12-08 21:10,2025-12-08 21:11,success,64000,120,4,,0.7,0.5,,,,babel_outputs/logs/rule_genefamily_pantherfamily_ids/74160.log
run-1,genefamily_hgncfamily_ids,136,74173,2025-12-08 21:10,2025-12-08 21:11,success,64000,120,4,,0.6,0.5,,,,babel_outputs/logs/rule_genefamily_hgncfamily_ids/74173.log
run-1,check_genefamily,137,74221,2025-12-08 21:29,2025-12-08 21:30,success,64000,120,4,,0.7,0.6,,,,babel_outputs/logs/rule_check_genefamily/74221.log
run-1,get_uniprotkb_labels,141,74278,2025-12-08 21:47,2025-12-08 22:03,success,64000,120,4,,16.5,13.8,,,,babel_outputs/logs/rule_get_uniprotkb_labels/74278.log
run-1,get_uniprotkb_sprot,142,74066,2025-12-08 21:09,2025-12-08 21:10,success,64000,120,4,,0.6,0.5,,,,babel_outputs/logs/rule_get_uniprotkb_sprot/74066.log
run-1,get_uniprotkb_trembl,143,74080,2025-12-08 21:09,2025-12-08 21:47,success,64000,120,4,,37.9,31.6,,,,babel_outputs/logs/rule_get_uniprotkb_trembl/74080.log
run-1,get_protein_uniprotkb_ensembl_relationships,144,74211,2025-12-08 21:26,2025-12-08 21:46,success,64000,120,4,,19.0,15.9,,,,babel_outputs/logs/rule_get_protein_uniprotkb_ensembl_relationships/74211.log
run-1,get_uniprotkb_idmapping,145,74086,2025-12-08 21:09,2025-12-08 21:26,success,64000,120,4,,17.5,14.6,,,,babel_outputs/logs/rule_get_uniprotkb_idmapping/74086.log
run-1,get_protein_pr_uniprotkb_relationships,146,74107,2025-12-08 21:09,2025-12-08 21:26,success,64000,120,4,,17.5,14.6,,,,babel_outputs/logs/rule_get_protein_pr_uniprotkb_relationships/74107.log
run-1,get_protein_ncit_uniprotkb_relationships,147,74131,2025-12-08 21:10,2025-12-08 21:10,success,64000,120,4,,0.7,0.6,,,,babel_outputs/logs/rule_get_protein_ncit_uniprotkb_relationships/74131.log
run-1,get_ncit,148,74089,2025-12-08 21:09,2025-12-08 21:10,success,64000,120,4,,0.6,0.5,,,,babel_outputs/logs/rule_get_ncit/74089.log
run-1,get_protein_ncit_umls_relationships,149,74203,2025-12-08 21:23,2025-12-08 21:24,success,64000,120,4,,1.3,1.1,,,,babel_outputs/logs/rule_get_protein_ncit_umls_relationships/74203.log
run-1,protein_umls_ids,150,74194,2025-12-08 21:22,2025-12-08 21:23,success,64000,120,4,,0.7,0.6,,,,babel_outputs/logs/rule_protein_umls_ids/74194.log
run-1,get_protein_umls_relationships,151,74204,2025-12-08 21:23,2025-12-08 21:24,success,64000,120,4,,1.3,1.1,,,,babel_outputs/logs/rule_get_protein_umls_relationships/74204.log
run-1,protein_uniprotkb_ids,153,74282,2025-12-08 22:03,2025-12-08 22:06,success,64000,120,4,,2.5,2.1,,,,babel_outputs/logs/rule_protein_uniprotkb_ids/74282.log
run-1,protein_pr_ids,154,74096,2025-12-08 21:09,2025-12-08 21:10,success,64000,120,4,,0.6,0.5,,,,babel_outputs/logs/rule_protein_pr_ids/74096.log
run-1,extract_taxon_ids_from_uniprotkb,155,74212,2025-12-08 21:26,2025-12-08 21:46,success,64000,120,4,,19.1,15.9,,,,babel_outputs/logs/rule_extract_taxon_ids_from_uniprotkb/74212.log
run-1,geneprotein_uniprot_relationships,156,74213,2025-12-08 21:26,2025-12-08 21:46,success,64000,120,4,,19.7,16.4,,,,babel_outputs/logs/rule_geneprotein_uniprot_relationships/74213.log
run-1,process,161,74257,2025-12-08 21:33,2025-12-08 21:33,success,64000,120,4,,0.7,0.6,,,,babel_outputs/logs/rule_process/74257.log
run-1,check_process_completeness,162,74251,2025-12-08 21:32,2025-12-08 21:33,success,64000,120,4,,0.7,0.6,,,,babel_outputs/logs/rule_check_process_completeness/74251.log
run-1,process_compendia,163,74216,2025-12-08 21:28,2025-12-08 21:32,success,64000,120,4,,4.2,3.5,,,,babel_outputs/logs/rule_process_compendia/74216.log
run-1,get_reactome_labels,164,74132,2025-12-08 21:10,2025-12-08 21:10,success,64000,120,4,,0.7,0.6,,,,babel_outputs/logs/rule_get_reactome_labels/74132.log
run-1,get_reactome,165,74069,2025-12-08 21:09,2025-12-08 21:10,success,64000,120,4,,0.6,0.5,,,,babel_outputs/logs/rule_get_reactome/74069.log
run-1,get_rhea_labels,166,74119,2025-12-08 21:10,2025-12-08 21:10,success,64000,120,4,,0.7,0.6,,,,babel_outputs/logs/rule_get_rhea_labels/74119.log
run-1,get_rhea,167,74076,2025-12-08 21:09,2025-12-08 21:10,success,64000,120,4,,0.6,0.5,,,,babel_outputs/logs/rule_get_rhea/74076.log
run-1,get_EC_labels,168,74122,2025-12-08 21:10,2025-12-08 21:10,success,64000,120,4,,0.7,0.6,,,,babel_outputs/logs/rule_get_EC_labels/74122.log
run-1,get_EC,169,74084,2025-12-08 21:09,2025-12-08 21:10,success,64000,120,4,,0.6,0.5,,,,babel_outputs/logs/rule_get_EC/74084.log
run-1,get_SMPDB_labels,170,74125,2025-12-08 21:10,2025-12-08 21:10,success,64000,120,4,,0.7,0.6,,,,babel_outputs/logs/rule_get_SMPDB_labels/74125.log
run-1,get_SMPDB,171,74090,2025-12-08 21:09,2025-12-08 21:10,success,64000,120,4,,0.6,0.5,,,,babel_outputs/logs/rule_get_SMPDB/74090.log
run-1,get_panther_pathway_labels,172,74128,2025-12-08 21:10,2025-12-08 21:10,success,64000,120,4,,0.7,0.6,,,,babel_outputs/logs/rule_get_panther_pathway_labels/74128.log
run-1,get_panther_pathways,173,74091,2025-12-08 21:09,2025-12-08 21:10,success,64000,120,4,,0.6,0.5,,,,babel_outputs/logs/rule_get_panther_pathways/74091.log
run-1,get_process_go_relationships,174,74100,2025-12-08 21:09,2025-12-08 21:10,success,64000,120,4,,0.6,0.5,,,,babel_outputs/logs/rule_get_process_go_relationships/74100.log
run-1,get_process_rhea_relationships,175,74130,2025-12-08 21:10,2025-12-08 21:10,success,64000,120,4,,0.7,0.6,,,,babel_outputs/logs/rule_get_process_rhea_relationships/74130.log
run-1,get_process_umls_relationships,176,74208,2025-12-08 21:23,2025-12-08 21:24,success,64000,120,4,,1.3,1.1,,,,babel_outputs/logs/rule_get_process_umls_relationships/74208.log
run-1,process_umls_ids,177,74200,2025-12-08 21:22,2025-12-08 21:23,success,64000,120,4,,0.7,0.6,,,,babel_outputs/logs/rule_process_umls_ids/74200.log
run-1,process_go_ids,178,74072,2025-12-08 21:09,2025-12-08 21:10,success,64000,120,4,,0.6,0.5,,,,babel_outputs/logs/rule_process_go_ids/74072.log
run-1,process_reactome_ids,179,74121,2025-12-08 21:10,2025-12-08 21:10,success,64000,120,4,,0.7,0.6,,,,babel_outputs/logs/rule_process_reactome_ids/74121.log
run-1,process_rhea_ids,180,74154,2025-12-08 21:10,2025-12-08 21:11,success,64000,120,4,,0.7,0.6,,,,babel_outputs/logs/rule_process_rhea_ids/74154.log
run-1,process_ec_ids,181,74158,2025-12-08 21:10,2025-12-08 21:11,success,64000,120,4,,0.7,0.6,,,,babel_outputs/logs/rule_process_ec_ids/74158.log
run-1,process_smpdb_ids,182,74163,2025-12-08 21:10,2025-12-08 21:11,success,64000,120,4,,0.7,0.5,,,,babel_outputs/logs/rule_process_smpdb_ids/74163.log
run-1,process_panther_ids,183,74165,2025-12-08 21:10,2025-12-08 21:11,success,64000,120,4,,0.7,0.5,,,,babel_outputs/logs/rule_process_panther_ids/74165.log
run-1,check_pathway,184,74248,2025-12-08 21:32,2025-12-08 21:33,success,64000,120,4,,0.7,0.6,,,,babel_outputs/logs/rule_check_pathway/74248.log
run-1,check_process,185,74256,2025-12-08 21:32,2025-12-08 21:33,success,64000,120,4,,0.7,0.6,,,,babel_outputs/logs/rule_check_process/74256.log
run-1,check_activity,186,74249,2025-12-08 21:32,2025-12-08 21:33,success,64000,120,4,,0.7,0.6,,,,babel_outputs/logs/rule_check_activity/74249.log
run-1,taxon,187,74269,2025-12-08 21:35,2025-12-08 21:39,success,64000,120,4,,3.0,2.5,,,,babel_outputs/logs/rule_taxon/74269.log
run-1,check_taxon_completeness,188,74267,2025-12-08 21:35,2025-12-08 21:35,success,64000,120,4,,0.7,0.6,,,,babel_outputs/logs/rule_check_taxon_completeness/74267.log
run-1,taxon_compendia,189,74215,2025-12-08 21:28,2025-12-08 21:35,success,64000,120,4,,6.8,5.7,,,,babel_outputs/logs/rule_taxon_compendia/74215.log
run-1,ncbitaxon_labels_and_synonyms,190,74120,2025-12-08 21:10,2025-12-08 21:11,success,64000,120,4,,1.4,1.2,,,,babel_outputs/logs/rule_ncbitaxon_labels_and_synonyms/74120.log
run-1,get_ncbitaxon,191,74067,2025-12-08 21:09,2025-12-08 21:10,success,64000,120,4,,0.6,0.5,,,,babel_outputs/logs/rule_get_ncbitaxon/74067.log
run-1,get_taxon_relationships,192,74183,2025-12-08 21:13,2025-12-08 21:15,success,64000,120,4,,2.0,1.7,,,,babel_outputs/logs/rule_get_taxon_relationships/74183.log
run-1,taxon_mesh_ids,193,74177,2025-12-08 21:11,2025-12-08 21:13,success,64000,120,4,,2.0,1.7,,,,babel_outputs/logs/rule_taxon_mesh_ids/74177.log
run-1,get_taxon_umls_relationships,194,74209,2025-12-08 21:23,2025-12-08 21:24,success,64000,120,4,,1.3,1.1,,,,babel_outputs/logs/rule_get_taxon_umls_relationships/74209.log
run-1,taxon_umls_ids,195,74198,2025-12-08 21:22,2025-12-08 21:23,success,64000,120,4,,0.7,0.6,,,,babel_outputs/logs/rule_taxon_umls_ids/74198.log
run-1,taxon_ncbi_ids,196,74175,2025-12-08 21:11,2025-12-08 21:12,success,64000,120,4,,0.7,0.6,,,,babel_outputs/logs/rule_taxon_ncbi_ids/74175.log
run-1,check_taxon,197,74265,2025-12-08 21:35,2025-12-08 21:35,success,64000,120,4,,0.7,0.6,,,,babel_outputs/logs/rule_check_taxon/74265.log
run-1,cell_line,198,74235,2025-12-08 21:30,2025-12-08 21:31,success,64000,120,4,,0.7,0.6,,,,babel_outputs/logs/rule_cell_line/74235.log
run-1,check_cell_line_completeness,199,74230,2025-12-08 21:29,2025-12-08 21:30,success,64000,120,4,,0.7,0.6,,,,babel_outputs/logs/rule_check_cell_line_completeness/74230.log
run-1,cell_line_compendia,200,74218,2025-12-08 21:28,2025-12-08 21:29,success,64000,120,4,,1.5,1.2,,,,babel_outputs/logs/rule_cell_line_compendia/74218.log
run-1,get_clo_ids,201,74144,2025-12-08 21:10,2025-12-08 21:10,success,64000,120,4,,0.7,0.6,,,,babel_outputs/logs/rule_get_clo_ids/74144.log
run-1,get_clo,202,74114,2025-12-08 21:09,2025-12-08 21:10,success,64000,120,4,,0.6,0.5,,,,babel_outputs/logs/rule_get_clo/74114.log
run-1,get_CLO_labels,203,74146,2025-12-08 21:10,2025-12-08 21:10,success,64000,120,4,,0.7,0.6,,,,babel_outputs/logs/rule_get_CLO_labels/74146.log
run-1,check_cell_line,204,74224,2025-12-08 21:29,2025-12-08 21:30,success,64000,120,4,,0.7,0.5,,,,babel_outputs/logs/rule_check_cell_line/74224.log
run-1,macromolecular_complex_compendia,207,74217,2025-12-08 21:28,2025-12-08 21:29,success,64000,120,4,,1.5,1.2,,,,babel_outputs/logs/rule_macromolecular_complex_compendia/74217.log
run-1,get_complexportal_labels_and_synonyms,208,74142,2025-12-08 21:10,2025-12-08 21:10,success,64000,120,4,,0.7,0.6,,,,babel_outputs/logs/rule_get_complexportal_labels_and_synonyms/74142.log
run-1,get_complexportal,209,74109,2025-12-08 21:09,2025-12-08 21:10,success,64000,120,4,,0.6,0.5,,,,babel_outputs/logs/rule_get_complexportal/74109.log
run-1,macromolecular_complex_ids,210,74169,2025-12-08 21:10,2025-12-08 21:11,success,64000,120,4,,0.7,0.5,,,,babel_outputs/logs/rule_macromolecular_complex_ids/74169.log
run-1,generate_pubmed_compendia,211,74503,2025-12-09 18:06,2025-12-09 19:43,success,128000,120,4,,96.6,80.5,0.0,,,babel_outputs/logs/rule_generate_pubmed_compendia/74503.log
run-1,generate_pubmed_concords,212,74287,2025-12-08 22:26,2025-12-09 18:06,success,128000,1440,4,,1180.3,82.0,0.0,,,babel_outputs/logs/rule_generate_pubmed_concords/74287.log
run-1,verify_pubmed,213,74284,2025-12-08 22:10,2025-12-08 22:26,success,64000,120,4,,16.5,13.8,,,,babel_outputs/logs/rule_verify_pubmed/74284.log
run-1,download_pubmed,214,74083,2025-12-08 21:09,2025-12-08 22:10,success,64000,120,4,,60.6,50.5,,,,babel_outputs/logs/rule_download_pubmed/74083.log
run-1,macromolecular_complex,215,74236,2025-12-08 21:30,2025-12-08 21:31,success,64000,120,4,,0.7,0.6,,,,babel_outputs/logs/rule_macromolecular_complex/74236.log
run-1,check_macromolecular_complex_completeness,216,74226,2025-12-08 21:29,2025-12-08 21:30,success,64000,120,4,,0.7,0.6,,,,babel_outputs/logs/rule_check_macromolecular_complex_completeness/74226.log
run-1,check_macromolecular_complex,217,74231,2025-12-08 21:29,2025-12-08 21:30,success,64000,120,4,,0.7,0.6,,,,babel_outputs/logs/rule_check_macromolecular_complex/74231.log
run-1,rxnorm_relationships,220,74151,2025-12-08 21:10,2025-12-08 21:11,success,64000,120,4,,0.7,0.6,,,,babel_outputs/logs/rule_rxnorm_relationships/74151.log
run-1,umls_relationships,221,74202,2025-12-08 21:22,2025-12-08 21:26,success,64000,120,4,,3.5,2.9,,,,babel_outputs/logs/rule_umls_relationships/74202.log
run-1,pubchem_rxnorm_annotations,223,74155,2025-12-08 21:10,—,failed,64000,120,4,,,,,ConnectionError,"HTTPSConnectionPool(host='pubchem.ncbi.nlm.nih.gov', port=443): Max retries exceeded with url: /rest/pug_view/annotations/heading/JSON/?source=NLM%20RxNorm%20Terminology&heading_type=Compound&heading=RXCUI&page=2&response_type=save&response_basename=PubChemAnnotations_NLM%20RxNorm%20Terminology_head",babel_outputs/logs/rule_pubchem_rxnorm_annotations/74155.log
run-1,publications,225,74528,2025-12-09 19:49,2025-12-09 19:49,success,64000,120,4,,0.7,0.6,0.0,,,babel_outputs/logs/rule_publications/74528.log
run-1,check_publications_completeness,226,74523,2025-12-09 19:43,2025-12-09 19:48,success,64000,120,4,,5.0,4.2,0.0,,,babel_outputs/logs/rule_check_publications_completeness/74523.log
run-1,check_publications,227,74525,2025-12-09 19:43,2025-12-09 19:49,success,64000,120,4,,5.7,4.7,0.0,,,babel_outputs/logs/rule_check_publications/74525.log
run-1,generate_content_report_for_compendium_GeneFamily,244,74220,2025-12-08 21:29,2025-12-08 21:30,success,64000,120,4,,0.7,0.6,,,,babel_outputs/logs/rule_generate_content_report_for_compendium_GeneFamily/74220.log
run-1,generate_content_report_for_compendium_Pathway,245,74254,2025-12-08 21:32,2025-12-08 21:33,success,64000,120,4,,0.7,0.6,,,,babel_outputs/logs/rule_generate_content_report_for_compendium_Pathway/74254.log
run-1,generate_content_report_for_compendium_BiologicalProcess,246,74247,2025-12-08 21:32,2025-12-08 21:33,success,64000,120,4,,0.7,0.6,,,,babel_outputs/logs/rule_generate_content_report_for_compendium_BiologicalProcess/74247.log
run-1,generate_content_report_for_compendium_MolecularActivity,247,74255,2025-12-08 21:32,2025-12-08 21:33,success,64000,120,4,,0.7,0.6,,,,babel_outputs/logs/rule_generate_content_report_for_compendium_MolecularActivity/74255.log
run-1,generate_content_report_for_compendium_OrganismTaxon,249,74268,2025-12-08 21:35,2025-12-08 21:35,success,64000,120,4,,0.7,0.6,,,,babel_outputs/logs/rule_generate_content_report_for_compendium_OrganismTaxon/74268.log
run-1,generate_content_report_for_compendium_CellLine,250,74228,2025-12-08 21:29,2025-12-08 21:30,success,64000,120,4,,0.7,0.6,,,,babel_outputs/logs/rule_generate_content_report_for_compendium_CellLine/74228.log
run-1,generate_content_report_for_compendium_MacromolecularComplex,252,74229,2025-12-08 21:29,2025-12-08 21:30,success,64000,120,4,,0.7,0.6,,,,babel_outputs/logs/rule_generate_content_report_for_compendium_MacromolecularComplex/74229.log
run-1,generate_content_report_for_compendium_Publication,253,74526,2025-12-09 19:43,2025-12-09 19:50,success,64000,120,4,,7.0,5.8,0.0,,,babel_outputs/logs/rule_generate_content_report_for_compendium_Publication/74526.log
run-1,export_compendia_to_duckdb,273,74219,2025-12-08 21:29,2025-12-08 21:30,success,512000,360,4,filename=GeneFamily,0.7,0.2,,,,babel_outputs/logs/rule_export_compendia_to_duckdb/GeneFamily/74219.log
run-1,export_compendia_to_duckdb,274,74250,2025-12-08 21:32,2025-12-08 21:33,success,512000,360,4,filename=Pathway,0.7,0.2,,,,babel_outputs/logs/rule_export_compendia_to_duckdb/Pathway/74250.log
run-1,export_compendia_to_duckdb,275,74244,2025-12-08 21:32,2025-12-08 21:33,success,512000,360,4,filename=BiologicalProcess,0.7,0.2,,,,babel_outputs/logs/rule_export_compendia_to_duckdb/BiologicalProcess/74244.log
run-1,export_compendia_to_duckdb,276,74252,2025-12-08 21:32,2025-12-08 21:33,success,512000,360,4,filename=MolecularActivity,0.7,0.2,,,,babel_outputs/logs/rule_export_compendia_to_duckdb/MolecularActivity/74252.log
run-1,export_compendia_to_duckdb,278,74266,2025-12-08 21:35,2025-12-08 21:35,success,512000,360,4,filename=OrganismTaxon,0.7,0.2,,,,babel_outputs/logs/rule_export_compendia_to_duckdb/OrganismTaxon/74266.log
run-1,export_compendia_to_duckdb,279,74225,2025-12-08 21:29,2025-12-08 21:30,success,512000,360,4,filename=CellLine,0.7,0.2,,,,babel_outputs/logs/rule_export_compendia_to_duckdb/CellLine/74225.log
run-1,export_compendia_to_duckdb,281,74227,2025-12-08 21:29,2025-12-08 21:30,success,512000,360,4,filename=MacromolecularComplex,0.7,0.2,,,,babel_outputs/logs/rule_export_compendia_to_duckdb/MacromolecularComplex/74227.log
run-1,export_compendia_to_duckdb,282,74524,2025-12-09 19:43,2025-12-09 19:52,success,512000,360,4,filename=Publication,9.5,2.6,0.0,,,babel_outputs/logs/rule_export_compendia_to_duckdb/Publication/74524.log
run-1,export_synonyms_to_duckdb,292,74262,2025-12-08 21:33,2025-12-08 21:34,success,64000,120,4,filename=Pathway,0.7,0.6,,,,babel_outputs/logs/rule_export_synonyms_to_duckdb/Pathway/74262.log
run-1,export_synonyms_to_duckdb,293,74260,2025-12-08 21:33,2025-12-08 21:34,success,64000,120,4,filename=BiologicalProcess,0.7,0.6,,,,babel_outputs/logs/rule_export_synonyms_to_duckdb/BiologicalProcess/74260.log
run-1,export_synonyms_to_duckdb,294,74263,2025-12-08 21:33,2025-12-08 21:34,success,64000,120,4,filename=MolecularActivity,0.7,0.6,,,,babel_outputs/logs/rule_export_synonyms_to_duckdb/MolecularActivity/74263.log
run-1,export_synonyms_to_duckdb,295,74273,2025-12-08 21:39,2025-12-08 21:39,success,64000,120,4,filename=OrganismTaxon,0.7,0.6,,,,babel_outputs/logs/rule_export_synonyms_to_duckdb/OrganismTaxon/74273.log
run-1,export_synonyms_to_duckdb,296,74242,2025-12-08 21:31,2025-12-08 21:31,success,64000,120,4,filename=CellLine,0.7,0.6,,,,babel_outputs/logs/rule_export_synonyms_to_duckdb/CellLine/74242.log
run-1,export_synonyms_to_duckdb,297,74239,2025-12-08 21:31,2025-12-08 21:31,success,64000,120,4,filename=GeneFamily,0.7,0.6,,,,babel_outputs/logs/rule_export_synonyms_to_duckdb/GeneFamily/74239.log
run-1,export_synonyms_to_duckdb,301,74240,2025-12-08 21:31,2025-12-08 21:31,success,64000,120,4,filename=MacromolecularComplex,0.7,0.6,,,,babel_outputs/logs/rule_export_synonyms_to_duckdb/MacromolecularComplex/74240.log
run-1,generate_kgx,322,74222,2025-12-08 21:29,2025-12-08 21:30,success,64000,360,4,filename=GeneFamily,0.7,0.2,,,,babel_outputs/logs/rule_generate_kgx/GeneFamily/74222.log
run-1,generate_kgx,323,74245,2025-12-08 21:32,2025-12-08 21:33,success,64000,360,4,filename=Pathway,0.7,0.2,,,,babel_outputs/logs/rule_generate_kgx/Pathway/74245.log
run-1,generate_kgx,324,74253,2025-12-08 21:32,2025-12-08 21:33,success,64000,360,4,filename=BiologicalProcess,0.7,0.2,,,,babel_outputs/logs/rule_generate_kgx/BiologicalProcess/74253.log
run-1,generate_kgx,325,74246,2025-12-08 21:32,2025-12-08 21:33,success,64000,360,4,filename=MolecularActivity,0.7,0.2,,,,babel_outputs/logs/rule_generate_kgx/MolecularActivity/74246.log
run-1,generate_kgx,327,74264,2025-12-08 21:35,2025-12-08 21:37,success,64000,360,4,filename=OrganismTaxon,2.2,0.6,,,,babel_outputs/logs/rule_generate_kgx/OrganismTaxon/74264.log
run-1,generate_kgx,328,74232,2025-12-08 21:29,2025-12-08 21:30,success,64000,360,4,filename=CellLine,0.7,0.2,,,,babel_outputs/logs/rule_generate_kgx/CellLine/74232.log
run-1,generate_kgx,330,74233,2025-12-08 21:29,2025-12-08 21:30,success,64000,360,4,filename=MacromolecularComplex,0.7,0.2,,,,babel_outputs/logs/rule_generate_kgx/MacromolecularComplex/74233.log
run-1,generate_kgx,331,74522,2025-12-09 19:43,2025-12-09 20:53,success,64000,360,4,filename=Publication,70.1,19.5,0.0,,,babel_outputs/logs/rule_generate_kgx/Publication/74522.log
run-1,generate_sapbert_training_data,341,74258,2025-12-08 21:33,2025-12-08 21:34,success,64000,360,4,filename=Pathway.txt,0.7,0.2,,,,babel_outputs/logs/rule_generate_sapbert_training_data/Pathway.txt/74258.log
run-1,generate_sapbert_training_data,342,74261,2025-12-08 21:33,2025-12-08 21:34,success,64000,360,4,filename=BiologicalProcess.txt,0.7,0.2,,,,babel_outputs/logs/rule_generate_sapbert_training_data/BiologicalProcess.txt/74261.log
run-1,generate_sapbert_training_data,343,74259,2025-12-08 21:33,2025-12-08 21:34,success,64000,360,4,filename=MolecularActivity.txt,0.7,0.2,,,,babel_outputs/logs/rule_generate_sapbert_training_data/MolecularActivity.txt/74259.log
run-1,generate_sapbert_training_data,344,74274,2025-12-08 21:39,2025-12-08 21:41,success,64000,360,4,filename=OrganismTaxon.txt,2.0,0.6,,,,babel_outputs/logs/rule_generate_sapbert_training_data/OrganismTaxon.txt/74274.log
run-1,generate_sapbert_training_data,345,74238,2025-12-08 21:31,2025-12-08 21:31,success,64000,360,4,filename=CellLine.txt,0.7,0.2,,,,babel_outputs/logs/rule_generate_sapbert_training_data/CellLine.txt/74238.log
run-1,generate_sapbert_training_data,346,74241,2025-12-08 21:31,2025-12-08 21:31,success,64000,360,4,filename=GeneFamily.txt,0.7,0.2,,,,babel_outputs/logs/rule_generate_sapbert_training_data/GeneFamily.txt/74241.log
run-1,generate_sapbert_training_data,350,74243,2025-12-08 21:31,2025-12-08 21:31,success,64000,360,4,filename=MacromolecularComplex.txt,0.7,0.2,,,,babel_outputs/logs/rule_generate_sapbert_training_data/MacromolecularComplex.txt/74243.log
run-2,anatomy,2,74628,2025-12-09 23:27,2025-12-09 23:28,success,64000,120,4,,0.7,0.6,0.0,,,babel_outputs/logs/rule_anatomy/74628.log
run-2,check_anatomy_completeness,3,74618,2025-12-09 23:27,2025-12-09 23:27,success,64000,120,4,,0.7,0.6,0.0,,,babel_outputs/logs/rule_check_anatomy_completeness/74618.log
run-2,anatomy_compendia,4,74609,2025-12-09 23:20,2025-12-09 23:27,success,64000,120,4,,6.8,5.7,0.0,,,babel_outputs/logs/rule_anatomy_compendia/74609.log
run-2,get_anatomy_obo_relationships,7,74576,2025-12-09 22:58,2025-12-09 23:20,success,64000,120,4,,21.8,18.2,0.0,,,babel_outputs/logs/rule_get_anatomy_obo_relationships/74576.log
run-2,check_anatomical_entity,20,74622,2025-12-09 23:27,2025-12-09 23:27,success,64000,120,4,,0.7,0.6,0.0,,,babel_outputs/logs/rule_check_anatomical_entity/74622.log
run-2,check_cell,21,74613,2025-12-09 23:27,2025-12-09 23:27,success,64000,120,4,,0.7,0.5,0.0,,,babel_outputs/logs/rule_check_cell/74613.log
run-2,check_cellular_component,22,74624,2025-12-09 23:27,2025-12-09 23:27,success,64000,120,4,,0.7,0.6,0.0,,,babel_outputs/logs/rule_check_cellular_component/74624.log
run-2,check_gross_anatomical_structure,23,74615,2025-12-09 23:27,2025-12-09 23:27,success,64000,120,4,,0.7,0.6,0.0,,,babel_outputs/logs/rule_check_gross_anatomical_structure/74615.log
run-2,hmdb_labels_and_synonyms,35,74604,2025-12-09 23:11,2025-12-09 23:22,success,64000,120,4,,11.3,9.5,0.0,,,babel_outputs/logs/rule_hmdb_labels_and_synonyms/74604.log
run-2,get_HMDB,36,74577,2025-12-09 22:58,2025-12-09 23:11,success,64000,120,4,,12.9,10.8,0.0,,,babel_outputs/logs/rule_get_HMDB/74577.log
run-2,get_chemical_unichem_relationships,44,74606,2025-12-09 23:15,—,failed,64000,120,4,,,,0.0,EOFError,Compressed file ended before the end-of-stream marker was reached,babel_outputs/logs/rule_get_chemical_unichem_relationships/74606.log
run-2,get_unichem,45,74580,2025-12-09 22:58,2025-12-09 23:09,success,64000,120,4,,10.4,8.7,0.0,,,babel_outputs/logs/rule_get_unichem/74580.log
run-2,filter_unichem,46,74603,2025-12-09 23:09,2025-12-09 23:15,success,64000,120,4,,6.2,5.1,0.0,,,babel_outputs/logs/rule_filter_unichem/74603.log
run-2,chemical_chebi_ids,65,74581,2025-12-09 22:58,2025-12-09 22:59,success,64000,120,4,,0.6,0.5,0.0,,,babel_outputs/logs/rule_chemical_chebi_ids/74581.log
run-2,chemical_hmdb_ids,67,74610,2025-12-09 23:22,2025-12-09 23:23,success,64000,120,4,,0.7,0.6,0.0,,,babel_outputs/logs/rule_chemical_hmdb_ids/74610.log
run-2,chemical_drugbank_ids,71,74605,2025-12-09 23:15,2025-12-09 23:16,success,64000,120,4,,1.5,1.3,0.0,,,babel_outputs/logs/rule_chemical_drugbank_ids/74605.log
run-2,disease,79,74596,2025-12-09 23:05,2025-12-09 23:06,success,64000,120,4,,1.4,1.1,0.0,,,babel_outputs/logs/rule_disease/74596.log
run-2,check_disease_completeness,80,74595,2025-12-09 23:04,2025-12-09 23:05,success,64000,120,4,,0.7,0.5,0.0,,,babel_outputs/logs/rule_check_disease_completeness/74595.log
run-2,disease_compendia,81,74583,2025-12-09 22:59,2025-12-09 23:04,success,64000,120,4,,5.7,4.7,0.0,,,babel_outputs/logs/rule_disease_compendia/74583.log
run-2,disease_manual_concord,98,74578,2025-12-09 22:58,2025-12-09 22:59,success,64000,120,4,,0.6,0.5,0.0,,,babel_outputs/logs/rule_disease_manual_concord/74578.log
run-2,check_disease,104,74587,2025-12-09 23:04,2025-12-09 23:05,success,64000,120,4,,0.7,0.5,0.0,,,babel_outputs/logs/rule_check_disease/74587.log
run-2,check_phenotypic_feature,105,74591,2025-12-09 23:04,2025-12-09 23:05,success,64000,120,4,,0.7,0.5,0.0,,,babel_outputs/logs/rule_check_phenotypic_feature/74591.log
run-2,get_ensembl,121,74582,2025-12-09 22:58,—,failed,64000,360,4,,,,0.0,_BiomartException,No internet connection available!,babel_outputs/logs/rule_get_ensembl/74582.log
run-2,pubchem_rxnorm_relationships,222,74584,2025-12-09 22:59,2025-12-09 22:59,success,64000,120,4,,0.7,0.6,0.0,,,babel_outputs/logs/rule_pubchem_rxnorm_relationships/74584.log
run-2,pubchem_rxnorm_annotations,223,74579,2025-12-09 22:58,2025-12-09 22:59,success,64000,120,4,,0.6,0.5,0.0,,,babel_outputs/logs/rule_pubchem_rxnorm_annotations/74579.log
run-2,generate_content_report_for_compendium_AnatomicalEntity,230,74614,2025-12-09 23:27,2025-12-09 23:27,success,64000,120,4,,0.7,0.5,0.0,,,babel_outputs/logs/rule_generate_content_report_for_compendium_AnatomicalEntity/74614.log
run-2,generate_content_report_for_compendium_Cell,231,74625,2025-12-09 23:27,2025-12-09 23:27,success,64000,120,4,,0.7,0.6,0.0,,,babel_outputs/logs/rule_generate_content_report_for_compendium_Cell/74625.log
run-2,generate_content_report_for_compendium_CellularComponent,232,74616,2025-12-09 23:27,2025-12-09 23:27,success,64000,120,4,,0.7,0.6,0.0,,,babel_outputs/logs/rule_generate_content_report_for_compendium_CellularComponent/74616.log
run-2,generate_content_report_for_compendium_GrossAnatomicalStructure,233,74627,2025-12-09 23:27,2025-12-09 23:27,success,64000,120,4,,0.7,0.6,0.0,,,babel_outputs/logs/rule_generate_content_report_for_compendium_GrossAnatomicalStructure/74627.log
run-2,generate_content_report_for_compendium_Disease,241,74590,2025-12-09 23:04,2025-12-09 23:05,success,64000,120,4,,0.7,0.5,0.0,,,babel_outputs/logs/rule_generate_content_report_for_compendium_Disease/74590.log
run-2,generate_content_report_for_compendium_PhenotypicFeature,242,74594,2025-12-09 23:04,2025-12-09 23:05,success,64000,120,4,,0.7,0.5,0.0,,,babel_outputs/logs/rule_generate_content_report_for_compendium_PhenotypicFeature/74594.log
run-2,export_compendia_to_duckdb,259,74612,2025-12-09 23:27,2025-12-09 23:27,success,512000,360,4,filename=AnatomicalEntity,0.7,0.2,0.0,,,babel_outputs/logs/rule_export_compendia_to_duckdb/AnatomicalEntity/74612.log
run-2,export_compendia_to_duckdb,260,74623,2025-12-09 23:27,2025-12-09 23:27,success,512000,360,4,filename=Cell,0.7,0.2,0.0,,,babel_outputs/logs/rule_export_compendia_to_duckdb/Cell/74623.log
run-2,export_compendia_to_duckdb,261,74617,2025-12-09 23:27,2025-12-09 23:27,success,512000,360,4,filename=CellularComponent,0.7,0.2,0.0,,,babel_outputs/logs/rule_export_compendia_to_duckdb/CellularComponent/74617.log
run-2,export_compendia_to_duckdb,262,74621,2025-12-09 23:27,2025-12-09 23:27,success,512000,360,4,filename=GrossAnatomicalStructure,0.7,0.2,0.0,,,babel_outputs/logs/rule_export_compendia_to_duckdb/GrossAnatomicalStructure/74621.log
run-2,export_compendia_to_duckdb,270,74588,2025-12-09 23:04,2025-12-09 23:05,success,512000,360,4,filename=Disease,0.7,0.2,0.0,,,babel_outputs/logs/rule_export_compendia_to_duckdb/Disease/74588.log
run-2,export_compendia_to_duckdb,271,74592,2025-12-09 23:04,2025-12-09 23:05,success,512000,360,4,filename=PhenotypicFeature,0.7,0.2,0.0,,,babel_outputs/logs/rule_export_compendia_to_duckdb/PhenotypicFeature/74592.log
run-2,export_synonyms_to_duckdb,284,74629,2025-12-09 23:28,2025-12-09 23:29,success,64000,120,4,filename=AnatomicalEntity,0.7,0.6,0.0,,,babel_outputs/logs/rule_export_synonyms_to_duckdb/AnatomicalEntity/74629.log
run-2,export_synonyms_to_duckdb,285,74633,2025-12-09 23:28,2025-12-09 23:29,success,64000,120,4,filename=Cell,0.7,0.6,0.0,,,babel_outputs/logs/rule_export_synonyms_to_duckdb/Cell/74633.log
run-2,export_synonyms_to_duckdb,286,74630,2025-12-09 23:28,2025-12-09 23:29,success,64000,120,4,filename=CellularComponent,0.7,0.6,0.0,,,babel_outputs/logs/rule_export_synonyms_to_duckdb/CellularComponent/74630.log
run-2,export_synonyms_to_duckdb,287,74634,2025-12-09 23:28,2025-12-09 23:29,success,64000,120,4,filename=GrossAnatomicalStructure,0.7,0.6,0.0,,,babel_outputs/logs/rule_export_synonyms_to_duckdb/GrossAnatomicalStructure/74634.log
run-2,export_synonyms_to_duckdb,290,74597,2025-12-09 23:06,2025-12-09 23:07,success,64000,120,4,filename=Disease,0.7,0.6,0.0,,,babel_outputs/logs/rule_export_synonyms_to_duckdb/Disease/74597.log
run-2,export_synonyms_to_duckdb,291,74598,2025-12-09 23:06,2025-12-09 23:07,success,64000,120,4,filename=PhenotypicFeature,0.7,0.6,0.0,,,babel_outputs/logs/rule_export_synonyms_to_duckdb/PhenotypicFeature/74598.log
run-2,generate_kgx,309,74619,2025-12-09 23:27,2025-12-09 23:27,success,64000,360,4,filename=AnatomicalEntity,0.7,0.2,0.0,,,babel_outputs/logs/rule_generate_kgx/AnatomicalEntity/74619.log
run-2,generate_kgx,310,74626,2025-12-09 23:27,2025-12-09 23:27,success,64000,360,4,filename=Cell,0.7,0.2,0.0,,,babel_outputs/logs/rule_generate_kgx/Cell/74626.log
run-2,generate_kgx,311,74620,2025-12-09 23:27,2025-12-09 23:27,success,64000,360,4,filename=CellularComponent,0.7,0.2,0.0,,,babel_outputs/logs/rule_generate_kgx/CellularComponent/74620.log
run-2,generate_kgx,312,74611,2025-12-09 23:27,2025-12-09 23:27,success,64000,360,4,filename=GrossAnatomicalStructure,0.7,0.2,0.0,,,babel_outputs/logs/rule_generate_kgx/GrossAnatomicalStructure/74611.log
run-2,generate_kgx,320,74589,2025-12-09 23:04,2025-12-09 23:06,success,64000,360,4,filename=Disease,1.3,0.4,0.0,,,babel_outputs/logs/rule_generate_kgx/Disease/74589.log
run-2,generate_kgx,321,74593,2025-12-09 23:04,2025-12-09 23:05,success,64000,360,4,filename=PhenotypicFeature,0.7,0.2,0.0,,,babel_outputs/logs/rule_generate_kgx/PhenotypicFeature/74593.log
run-2,generate_sapbert_training_data,334,74631,2025-12-09 23:28,2025-12-09 23:29,success,64000,360,4,filename=AnatomicalEntity.txt,0.7,0.2,0.0,,,babel_outputs/logs/rule_generate_sapbert_training_data/AnatomicalEntity.txt/74631.log
run-2,generate_sapbert_training_data,335,74635,2025-12-09 23:28,2025-12-09 23:29,success,64000,360,4,filename=Cell.txt,0.7,0.2,0.0,,,babel_outputs/logs/rule_generate_sapbert_training_data/Cell.txt/74635.log
run-2,generate_sapbert_training_data,336,74632,2025-12-09 23:28,2025-12-09 23:29,success,64000,360,4,filename=CellularComponent.txt,0.7,0.2,0.0,,,babel_outputs/logs/rule_generate_sapbert_training_data/CellularComponent.txt/74632.log
run-2,generate_sapbert_training_data,337,74636,2025-12-09 23:28,2025-12-09 23:29,success,64000,360,4,filename=GrossAnatomicalStructure.txt,0.7,0.2,0.0,,,babel_outputs/logs/rule_generate_sapbert_training_data/GrossAnatomicalStructure.txt/74636.log
run-2,generate_sapbert_training_data,340,74599,2025-12-09 23:06,2025-12-09 23:07,success,64000,360,4,filename=Disease.txt,0.7,0.2,0.0,,,babel_outputs/logs/rule_generate_sapbert_training_data/Disease.txt/74599.log
run-2,generate_sapbert_training_data,341,74600,2025-12-09 23:06,2025-12-09 23:07,success,64000,360,4,filename=PhenotypicFeature.txt,0.7,0.2,0.0,,,babel_outputs/logs/rule_generate_sapbert_training_data/PhenotypicFeature.txt/74600.log
run-3,get_chemical_unichem_relationships,44,74677,2025-12-10 03:50,—,failed,64000,120,4,,,,,EOFError,Compressed file ended before the end-of-stream marker was reached,babel_outputs/logs/rule_get_chemical_unichem_relationships/74677.log
run-3,gene,106,74764,2025-12-10 13:08,2025-12-10 13:58,success,64000,120,4,,49.7,41.4,0.0,,,babel_outputs/logs/rule_gene/74764.log
run-3,check_gene_completeness,107,74762,2025-12-10 13:00,2025-12-10 13:08,success,64000,120,4,,8.2,6.8,0.0,,,babel_outputs/logs/rule_check_gene_completeness/74762.log
run-3,gene_compendia,108,74728,2025-12-10 09:38,2025-12-10 13:00,success,256000,360,4,,201.6,56.0,0.0,,,babel_outputs/logs/rule_gene_compendia/74728.log
run-3,gene_ensembl_ids,120,74726,2025-12-10 09:37,2025-12-10 09:38,success,64000,120,4,,1.5,1.2,0.0,,,babel_outputs/logs/rule_gene_ensembl_ids/74726.log
run-3,get_ensembl,121,74676,2025-12-10 03:50,2025-12-10 09:37,success,64000,360,4,,347.1,96.4,0.0,,,babel_outputs/logs/rule_get_ensembl/74676.log
run-3,check_gene,127,74760,2025-12-10 13:00,2025-12-10 13:08,success,64000,120,4,,8.2,6.8,0.0,,,babel_outputs/logs/rule_check_gene/74760.log
run-3,geneprotein,138,74946,2025-12-10 23:44,2025-12-10 23:45,success,64000,120,4,,0.7,0.6,0.0,,,babel_outputs/logs/rule_geneprotein/74946.log
run-3,geneprotein_conflation,139,74816,2025-12-10 16:25,2025-12-10 17:07,success,64000,120,4,,42.2,35.2,0.0,,,babel_outputs/logs/rule_geneprotein_conflation/74816.log
run-3,protein_compendia,140,74729,2025-12-10 09:38,2025-12-10 16:25,success,512000,720,4,,406.6,56.5,0.0,,,babel_outputs/logs/rule_protein_compendia/74729.log
run-3,protein_ensembl_ids,152,74727,2025-12-10 09:37,2025-12-10 09:38,success,64000,120,4,,1.5,1.2,0.0,,,babel_outputs/logs/rule_protein_ensembl_ids/74727.log
run-3,geneprotein_conflated_synonyms,157,74843,2025-12-10 18:56,2025-12-10 23:44,success,512000,360,4,,288.4,80.1,0.0,,,babel_outputs/logs/rule_geneprotein_conflated_synonyms/74843.log
run-3,protein,158,74824,2025-12-10 16:48,2025-12-10 18:56,success,64000,360,6,,128.1,35.6,0.0,,,babel_outputs/logs/rule_protein/74824.log
run-3,check_protein_completeness,159,74818,2025-12-10 16:25,2025-12-10 16:47,success,64000,120,4,,21.7,18.1,0.0,,,babel_outputs/logs/rule_check_protein_completeness/74818.log
run-3,check_protein,160,74814,2025-12-10 16:25,2025-12-10 16:48,success,64000,120,4,,23.2,19.3,0.0,,,babel_outputs/logs/rule_check_protein/74814.log
run-3,generate_content_report_for_compendium_Gene,243,74761,2025-12-10 13:00,2025-12-10 13:11,success,64000,120,4,,10.7,8.9,0.0,,,babel_outputs/logs/rule_generate_content_report_for_compendium_Gene/74761.log
run-3,generate_content_report_for_compendium_Protein,248,74815,2025-12-10 16:25,2025-12-10 16:55,success,64000,120,4,,29.7,24.8,0.0,,,babel_outputs/logs/rule_generate_content_report_for_compendium_Protein/74815.log
run-3,export_compendia_to_duckdb,272,74758,2025-12-10 13:00,2025-12-10 13:11,success,512000,360,4,filename=Gene,11.3,3.2,0.0,,,babel_outputs/logs/rule_export_compendia_to_duckdb/Gene/74758.log
run-3,export_compendia_to_duckdb,277,74817,2025-12-10 16:25,2025-12-10 17:05,success,512000,360,4,filename=Protein,39.7,11.0,0.0,,,babel_outputs/logs/rule_export_compendia_to_duckdb/Protein/74817.log
run-3,export_synonyms_to_duckdb,288,74781,2025-12-10 13:58,2025-12-10 14:03,success,64000,120,4,filename=Gene,5.0,4.2,0.0,,,babel_outputs/logs/rule_export_synonyms_to_duckdb/Gene/74781.log
run-3,export_synonyms_to_duckdb,289,74844,2025-12-10 18:56,2025-12-10 19:10,success,64000,120,4,filename=Protein,14.2,11.8,0.0,,,babel_outputs/logs/rule_export_synonyms_to_duckdb/Protein/74844.log
run-3,export_synonyms_to_duckdb,299,74945,2025-12-10 23:44,2025-12-11 00:02,success,64000,120,4,filename=GeneProteinConflated,17.2,14.3,0.0,,,babel_outputs/logs/rule_export_synonyms_to_duckdb/GeneProteinConflated/74945.log
run-3,generate_kgx,322,74759,2025-12-10 13:00,2025-12-10 13:48,success,64000,360,4,filename=Gene,47.9,13.3,0.0,,,babel_outputs/logs/rule_generate_kgx/Gene/74759.log
run-3,generate_kgx,327,74819,2025-12-10 16:25,2025-12-10 18:20,success,64000,360,4,filename=Protein,114.8,31.9,0.0,,,babel_outputs/logs/rule_generate_kgx/Protein/74819.log
run-3,generate_sapbert_training_data,338,74780,2025-12-10 13:58,2025-12-10 14:33,success,64000,360,4,filename=Gene.txt,35.5,9.9,0.0,,,babel_outputs/logs/rule_generate_sapbert_training_data/Gene.txt/74780.log
run-3,generate_sapbert_training_data,339,74842,2025-12-10 18:56,2025-12-10 20:41,success,64000,360,4,filename=Protein.txt,104.8,29.1,0.0,,,babel_outputs/logs/rule_generate_sapbert_training_data/Protein.txt/74842.log
run-3,generate_sapbert_training_data,349,74944,2025-12-10 23:44,2025-12-11 01:59,success,64000,360,4,filename=GeneProteinConflated.txt,134.8,37.4,0.0,,,babel_outputs/logs/rule_generate_sapbert_training_data/GeneProteinConflated.txt/74944.log
run-4,get_unichem,45,74978,2025-12-11 04:49,—,failed,64000,120,4,,,,0.0,RuntimeError,Could not download and verify http://ftp.ebi.ac.uk/pub/databases/chembl/UniChem/data/table_dumps/structure.tsv.gz: more than 10 attempts.,babel_outputs/logs/rule_get_unichem/74978.log
run-5,get_unichem,45,75001,2025-12-11 06:18,—,failed,64000,120,4,,,,0.0,RuntimeError,Could not download and verify http://ftp.ebi.ac.uk/pub/databases/chembl/UniChem/data/table_dumps/structure.tsv.gz: more than 10 attempts.,babel_outputs/logs/rule_get_unichem/75001.log
run-6,all_outputs,1,75253,2025-12-11 20:32,2025-12-11 20:33,success,64000,120,4,,0.7,0.6,0.0,,,babel_outputs/logs/rule_all_outputs/75253.log
run-6,chemical,24,75168,2025-12-11 15:50,2025-12-11 17:45,success,64000,120,4,,114.3,95.3,0.0,,,babel_outputs/logs/rule_chemical/75168.log
run-6,check_chemical_completeness,25,75140,2025-12-11 15:34,2025-12-11 15:50,success,64000,120,4,,16.0,13.3,0.0,,,babel_outputs/logs/rule_check_chemical_completeness/75140.log
run-6,chemical_compendia,26,75064,2025-12-11 11:07,2025-12-11 15:34,success,512000,360,4,,267.7,74.4,0.0,,,babel_outputs/logs/rule_chemical_compendia/75064.log
run-6,untyped_chemical_compendia,27,75050,2025-12-11 10:03,2025-12-11 11:07,success,512000,120,4,,63.5,53.0,0.0,,,babel_outputs/logs/rule_untyped_chemical_compendia/75050.log
run-6,chemical_unichem_concordia,43,75034,2025-12-11 09:18,2025-12-11 10:03,success,128000,120,4,,45.5,37.9,0.0,,,babel_outputs/logs/rule_chemical_unichem_concordia/75034.log
run-6,get_chemical_unichem_relationships,44,75029,2025-12-11 09:00,2025-12-11 09:18,success,64000,120,4,,18.0,15.0,0.0,,,babel_outputs/logs/rule_get_chemical_unichem_relationships/75029.log
run-6,filter_unichem,46,75026,2025-12-11 08:53,2025-12-11 09:00,success,64000,120,4,,6.4,5.4,0.0,,,babel_outputs/logs/rule_filter_unichem/75026.log
run-6,chemical_drugbank_ids,71,75028,2025-12-11 09:00,2025-12-11 09:01,success,64000,120,4,,1.5,1.2,0.0,,,babel_outputs/logs/rule_chemical_drugbank_ids/75028.log
run-6,check_molecular_mixture,72,75144,2025-12-11 15:34,2025-12-11 15:36,success,64000,120,4,,2.0,1.7,0.0,,,babel_outputs/logs/rule_check_molecular_mixture/75144.log
run-6,check_small_molecule,73,75148,2025-12-11 15:34,2025-12-11 15:50,success,64000,120,4,,16.0,13.3,0.0,,,babel_outputs/logs/rule_check_small_molecule/75148.log
run-6,check_polypeptide,74,75152,2025-12-11 15:34,2025-12-11 15:35,success,64000,120,4,,0.7,0.6,0.0,,,babel_outputs/logs/rule_check_polypeptide/75152.log
run-6,check_complex_mixture,75,75157,2025-12-11 15:34,2025-12-11 15:35,success,64000,120,4,,0.7,0.6,0.0,,,babel_outputs/logs/rule_check_complex_mixture/75157.log
run-6,check_chemical_entity,76,75161,2025-12-11 15:34,2025-12-11 15:36,success,64000,120,4,,1.3,1.1,0.0,,,babel_outputs/logs/rule_check_chemical_entity/75161.log
run-6,check_chemical_mixture,77,75134,2025-12-11 15:34,2025-12-11 15:35,success,64000,120,4,,0.7,0.6,0.0,,,babel_outputs/logs/rule_check_chemical_mixture/75134.log
run-6,check_drug,78,75139,2025-12-11 15:34,2025-12-11 15:35,success,64000,120,4,,0.7,0.6,0.0,,,babel_outputs/logs/rule_check_drug/75139.log
run-6,compress_umls,205,75181,2025-12-11 16:12,2025-12-11 16:12,success,64000,120,4,,0.7,0.6,0.0,,,babel_outputs/logs/rule_compress_umls/75181.log
run-6,leftover_umls,206,75135,2025-12-11 15:34,2025-12-11 16:12,success,64000,120,4,,37.4,31.2,0.0,,,babel_outputs/logs/rule_leftover_umls/75135.log
run-6,drugchemical,218,75252,2025-12-11 20:31,2025-12-11 20:32,success,64000,120,4,,0.7,0.6,0.0,,,babel_outputs/logs/rule_drugchemical/75252.log
run-6,drugchemical_conflation,219,75154,2025-12-11 15:34,2025-12-11 16:00,success,64000,120,4,,25.5,21.3,0.0,,,babel_outputs/logs/rule_drugchemical_conflation/75154.log
run-6,drugchemical_conflated_synonyms,224,75219,2025-12-11 17:45,2025-12-11 20:31,success,64000,360,4,,166.8,46.3,0.0,,,babel_outputs/logs/rule_drugchemical_conflated_synonyms/75219.log
run-6,generate_summary_content_report_for_compendia,229,75186,2025-12-11 16:12,2025-12-11 16:13,success,64000,120,4,,1.1,0.9,0.0,,,babel_outputs/logs/rule_generate_summary_content_report_for_compendia/75186.log
run-6,generate_content_report_for_compendium_MolecularMixture,234,75158,2025-12-11 15:34,2025-12-11 15:37,success,64000,120,4,,2.7,2.2,0.0,,,babel_outputs/logs/rule_generate_content_report_for_compendium_MolecularMixture/75158.log
run-6,generate_content_report_for_compendium_SmallMolecule,235,75133,2025-12-11 15:34,2025-12-11 15:53,success,64000,120,4,,19.0,15.8,0.0,,,babel_outputs/logs/rule_generate_content_report_for_compendium_SmallMolecule/75133.log
run-6,generate_content_report_for_compendium_Polypeptide,236,75137,2025-12-11 15:34,2025-12-11 15:35,success,64000,120,4,,0.7,0.6,0.0,,,babel_outputs/logs/rule_generate_content_report_for_compendium_Polypeptide/75137.log
run-6,generate_content_report_for_compendium_ComplexMolecularMixture,237,75142,2025-12-11 15:34,2025-12-11 15:35,success,64000,120,4,,0.7,0.6,0.0,,,babel_outputs/logs/rule_generate_content_report_for_compendium_ComplexMolecularMixture/75142.log
run-6,generate_content_report_for_compendium_ChemicalEntity,238,75146,2025-12-11 15:34,2025-12-11 15:35,success,64000,120,4,,0.7,0.6,0.0,,,babel_outputs/logs/rule_generate_content_report_for_compendium_ChemicalEntity/75146.log
run-6,generate_content_report_for_compendium_ChemicalMixture,239,75149,2025-12-11 15:34,2025-12-11 15:35,success,64000,120,4,,0.7,0.6,0.0,,,babel_outputs/logs/rule_generate_content_report_for_compendium_ChemicalMixture/75149.log
run-6,generate_content_report_for_compendium_Drug,240,75153,2025-12-11 15:34,2025-12-11 15:35,success,64000,120,4,,0.7,0.6,0.0,,,babel_outputs/logs/rule_generate_content_report_for_compendium_Drug/75153.log
run-6,generate_content_report_for_compendium_umls,251,75182,2025-12-11 16:12,2025-12-11 16:12,success,64000,120,4,,0.7,0.6,0.0,,,babel_outputs/logs/rule_generate_content_report_for_compendium_umls/75182.log
run-6,check_compendia_files,254,75254,2025-12-11 20:33,2025-12-11 20:33,success,64000,120,4,,0.7,0.6,0.0,,,babel_outputs/logs/rule_check_compendia_files/75254.log
run-6,check_synonyms_gzipped_files,255,75255,2025-12-11 20:33,—,failed,64000,120,4,,,,0.0,AssertionError,"Expected files in directory babel_outputs/synonyms to be equal to {'MacromolecularComplex.txt.gz', 'GeneFamily.txt.gz', 'Disease.txt.gz', 'MolecularActivity.txt.gz', 'BiologicalProcess.txt.gz', 'ChemicalMixture.txt.gz', 'PhenotypicFeature.txt.gz', 'GrossAnatomicalStructure.txt.gz', 'Pathway.txt.gz',",babel_outputs/logs/rule_check_synonyms_gzipped_files/75255.log
run-6,check_conflation_files,256,75256,2025-12-11 20:33,2025-12-11 20:33,success,64000,120,4,,0.7,0.6,0.0,,,babel_outputs/logs/rule_check_conflation_files/75256.log
run-6,export_all_to_duckdb,257,75258,2025-12-11 20:42,2025-12-11 20:43,success,64000,120,4,,0.7,0.6,0.0,,,babel_outputs/logs/rule_export_all_to_duckdb/75258.log
run-6,export_all_compendia_to_duckdb,258,75187,2025-12-11 16:12,2025-12-11 16:13,success,64000,120,4,,1.1,0.9,0.0,,,babel_outputs/logs/rule_export_all_compendia_to_duckdb/75187.log
run-6,export_compendia_to_duckdb,263,75143,2025-12-11 15:34,2025-12-11 15:38,success,512000,360,4,filename=MolecularMixture,3.3,0.9,0.0,,,babel_outputs/logs/rule_export_compendia_to_duckdb/MolecularMixture/75143.log
run-6,export_compendia_to_duckdb,264,75147,2025-12-11 15:34,2025-12-11 16:04,success,512000,360,4,filename=SmallMolecule,29.2,8.1,0.0,,,babel_outputs/logs/rule_export_compendia_to_duckdb/SmallMolecule/75147.log
run-6,export_compendia_to_duckdb,265,75150,2025-12-11 15:34,2025-12-11 15:35,success,512000,360,4,filename=Polypeptide,0.7,0.2,0.0,,,babel_outputs/logs/rule_export_compendia_to_duckdb/Polypeptide/75150.log
run-6,export_compendia_to_duckdb,266,75155,2025-12-11 15:34,2025-12-11 15:35,success,512000,360,4,filename=ComplexMolecularMixture,0.7,0.2,0.0,,,babel_outputs/logs/rule_export_compendia_to_duckdb/ComplexMolecularMixture/75155.log
run-6,export_compendia_to_duckdb,267,75159,2025-12-11 15:34,2025-12-11 15:36,success,512000,360,4,filename=ChemicalEntity,1.3,0.4,0.0,,,babel_outputs/logs/rule_export_compendia_to_duckdb/ChemicalEntity/75159.log
run-6,export_compendia_to_duckdb,268,75131,2025-12-11 15:34,2025-12-11 15:35,success,512000,360,4,filename=ChemicalMixture,0.7,0.2,0.0,,,babel_outputs/logs/rule_export_compendia_to_duckdb/ChemicalMixture/75131.log
run-6,export_compendia_to_duckdb,269,75136,2025-12-11 15:34,2025-12-11 15:35,success,512000,360,4,filename=Drug,0.7,0.2,0.0,,,babel_outputs/logs/rule_export_compendia_to_duckdb/Drug/75136.log
run-6,export_compendia_to_duckdb,280,75183,2025-12-11 16:12,2025-12-11 16:12,success,512000,360,4,filename=umls,0.7,0.2,0.0,,,babel_outputs/logs/rule_export_compendia_to_duckdb/umls/75183.log
run-6,export_all_synonyms_to_duckdb,283,75257,2025-12-11 20:42,2025-12-11 20:42,success,64000,120,4,,0.7,0.6,0.0,,,babel_outputs/logs/rule_export_all_synonyms_to_duckdb/75257.log
run-6,export_synonyms_to_duckdb,298,75250,2025-12-11 20:31,2025-12-11 20:42,success,64000,120,4,filename=DrugChemicalConflated,10.2,8.5,0.0,,,babel_outputs/logs/rule_export_synonyms_to_duckdb/DrugChemicalConflated/75250.log
run-6,export_synonyms_to_duckdb,300,75185,2025-12-11 16:12,2025-12-11 16:13,success,64000,120,4,filename=umls,0.7,0.6,0.0,,,babel_outputs/logs/rule_export_synonyms_to_duckdb/umls/75185.log
run-6,check_for_identically_labeled_cliques,303,75261,2025-12-11 20:43,—,failed,1500000,120,4,,,,0.0,,,babel_outputs/logs/rule_check_for_identically_labeled_cliques/75261.log
run-6,check_for_duplicate_curies,304,75259,2025-12-11 20:43,2025-12-11 20:51,success,1500000,120,4,,8.2,6.8,0.0,,,babel_outputs/logs/rule_check_for_duplicate_curies/75259.log
run-6,check_for_duplicate_clique_leaders,305,75262,2025-12-11 20:43,2025-12-11 20:56,success,1500000,120,4,,12.5,10.4,0.0,,,babel_outputs/logs/rule_check_for_duplicate_clique_leaders/75262.log
run-6,generate_curie_report,306,75260,2025-12-11 20:43,2025-12-11 20:52,success,1500000,120,4,,8.8,7.4,0.0,,,babel_outputs/logs/rule_generate_curie_report/75260.log
run-6,generate_by_clique_report,307,75263,2025-12-11 20:43,2025-12-11 21:06,success,1500000,120,4,,22.5,18.8,0.0,,,babel_outputs/logs/rule_generate_by_clique_report/75263.log
run-6,export_all_to_kgx,308,75223,2025-12-11 18:12,2025-12-11 18:13,success,64000,120,4,,0.7,0.6,0.0,,,babel_outputs/logs/rule_export_all_to_kgx/75223.log
run-6,generate_kgx,313,75151,2025-12-11 15:34,2025-12-11 15:52,success,64000,360,4,filename=MolecularMixture,17.5,4.9,0.0,,,babel_outputs/logs/rule_generate_kgx/MolecularMixture/75151.log
run-6,generate_kgx,314,75156,2025-12-11 15:34,2025-12-11 18:12,success,64000,360,4,filename=SmallMolecule,157.9,43.9,0.0,,,babel_outputs/logs/rule_generate_kgx/SmallMolecule/75156.log
run-6,generate_kgx,315,75160,2025-12-11 15:34,2025-12-11 15:35,success,64000,360,4,filename=Polypeptide,0.7,0.2,0.0,,,babel_outputs/logs/rule_generate_kgx/Polypeptide/75160.log
run-6,generate_kgx,316,75132,2025-12-11 15:34,2025-12-11 15:35,success,64000,360,4,filename=ComplexMolecularMixture,0.7,0.2,0.0,,,babel_outputs/logs/rule_generate_kgx/ComplexMolecularMixture/75132.log
run-6,generate_kgx,317,75138,2025-12-11 15:34,2025-12-11 15:38,success,64000,360,4,filename=ChemicalEntity,4.0,1.1,0.0,,,babel_outputs/logs/rule_generate_kgx/ChemicalEntity/75138.log
run-6,generate_kgx,318,75141,2025-12-11 15:34,2025-12-11 15:35,success,64000,360,4,filename=ChemicalMixture,0.7,0.2,0.0,,,babel_outputs/logs/rule_generate_kgx/ChemicalMixture/75141.log
run-6,generate_kgx,319,75145,2025-12-11 15:34,2025-12-11 15:35,success,64000,360,4,filename=Drug,0.7,0.2,0.0,,,babel_outputs/logs/rule_generate_kgx/Drug/75145.log
run-6,generate_kgx,330,75180,2025-12-11 16:12,2025-12-11 16:12,success,64000,360,4,filename=umls,0.7,0.2,0.0,,,babel_outputs/logs/rule_generate_kgx/umls/75180.log
run-6,export_all_to_sapbert_training,333,75270,2025-12-11 22:09,2025-12-11 22:10,success,64000,120,4,,0.7,0.6,0.0,,,babel_outputs/logs/rule_export_all_to_sapbert_training/75270.log
run-6,generate_sapbert_training_data,348,75251,2025-12-11 20:31,2025-12-11 22:09,success,64000,360,4,filename=DrugChemicalConflated.txt,97.6,27.1,0.0,,,babel_outputs/logs/rule_generate_sapbert_training_data/DrugChemicalConflated.txt/75251.log
run-6,generate_sapbert_training_data,350,75184,2025-12-11 16:12,2025-12-11 16:14,success,64000,360,4,filename=umls.txt,1.7,0.5,0.0,,,babel_outputs/logs/rule_generate_sapbert_training_data/umls.txt/75184.log
run-7,all,0,75429,2025-12-13 00:40,2025-12-13 00:41,success,64000,120,4,,0.7,0.6,,,,babel_outputs/logs/rule_all/75429.log
run-7,all_outputs,1,75412,2025-12-13 00:09,2025-12-13 00:09,success,64000,120,4,,0.7,0.6,0.0,,,babel_outputs/logs/rule_all_outputs/75412.log
run-7,compress_umls,205,75407,2025-12-13 00:07,2025-12-13 00:09,success,64000,120,4,,1.3,1.1,0.0,,,babel_outputs/logs/rule_compress_umls/75407.log
run-7,leftover_umls,206,75401,2025-12-12 23:30,2025-12-13 00:07,success,64000,120,4,,37.0,30.9,0.0,,,babel_outputs/logs/rule_leftover_umls/75401.log
run-7,generate_pubmed_compendia,211,75397,2025-12-12 21:49,2025-12-12 23:30,success,128000,120,4,,101.0,84.2,0.0,,,babel_outputs/logs/rule_generate_pubmed_compendia/75397.log
run-7,publications,225,75405,2025-12-12 23:36,2025-12-12 23:37,success,64000,120,4,,0.7,0.6,0.0,,,babel_outputs/logs/rule_publications/75405.log
run-7,check_publications_completeness,226,75399,2025-12-12 23:30,2025-12-12 23:35,success,64000,120,4,,5.0,4.2,0.0,,,babel_outputs/logs/rule_check_publications_completeness/75399.log
run-7,check_publications,227,75403,2025-12-12 23:30,2025-12-12 23:36,success,64000,120,4,,5.7,4.7,0.0,,,babel_outputs/logs/rule_check_publications/75403.log
run-7,all_reports,228,75421,2025-12-13 00:10,2025-12-13 00:11,success,64000,120,4,,0.7,0.6,0.0,,,babel_outputs/logs/rule_all_reports/75421.log
run-7,generate_summary_content_report_for_compendia,229,75410,2025-12-13 00:08,2025-12-13 00:09,success,64000,120,4,,0.7,0.6,0.0,,,babel_outputs/logs/rule_generate_summary_content_report_for_compendia/75410.log
run-7,generate_content_report_for_compendium_umls,251,75408,2025-12-13 00:07,2025-12-13 00:08,success,64000,120,4,,0.7,0.6,0.0,,,babel_outputs/logs/rule_generate_content_report_for_compendium_umls/75408.log
run-7,generate_content_report_for_compendium_Publication,253,75404,2025-12-12 23:30,2025-12-12 23:37,success,64000,120,4,,7.0,5.8,0.0,,,babel_outputs/logs/rule_generate_content_report_for_compendium_Publication/75404.log
run-7,check_compendia_files,254,75415,2025-12-13 00:09,2025-12-13 00:10,success,64000,120,4,,0.7,0.6,0.0,,,babel_outputs/logs/rule_check_compendia_files/75415.log
run-7,check_synonyms_gzipped_files,255,75416,2025-12-13 00:09,2025-12-13 00:10,success,64000,120,4,,0.7,0.6,0.0,,,babel_outputs/logs/rule_check_synonyms_gzipped_files/75416.log
run-7,check_conflation_files,256,75417,2025-12-13 00:09,2025-12-13 00:10,success,64000,120,4,,0.7,0.6,0.0,,,babel_outputs/logs/rule_check_conflation_files/75417.log
run-7,export_all_to_duckdb,257,75420,2025-12-13 00:10,2025-12-13 00:11,success,64000,120,4,,0.7,0.6,0.0,,,babel_outputs/logs/rule_export_all_to_duckdb/75420.log
run-7,export_all_compendia_to_duckdb,258,75411,2025-12-13 00:08,2025-12-13 00:09,success,64000,120,4,,0.7,0.6,0.0,,,babel_outputs/logs/rule_export_all_compendia_to_duckdb/75411.log
run-7,export_compendia_to_duckdb,280,75409,2025-12-13 00:07,2025-12-13 00:08,success,512000,360,4,filename=umls,0.7,0.2,0.0,,,babel_outputs/logs/rule_export_compendia_to_duckdb/umls/75409.log
run-7,export_compendia_to_duckdb,282,75400,2025-12-12 23:30,2025-12-12 23:40,success,512000,360,4,filename=Publication,9.5,2.6,0.0,,,babel_outputs/logs/rule_export_compendia_to_duckdb/Publication/75400.log
run-7,export_all_synonyms_to_duckdb,283,75418,2025-12-13 00:09,2025-12-13 00:10,success,64000,120,4,,0.7,0.6,0.0,,,babel_outputs/logs/rule_export_all_synonyms_to_duckdb/75418.log
run-7,export_synonyms_to_duckdb,300,75414,2025-12-13 00:09,2025-12-13 00:09,success,64000,120,4,filename=umls,0.7,0.6,0.0,,,babel_outputs/logs/rule_export_synonyms_to_duckdb/umls/75414.log
run-7,all_duckdb_reports,302,75427,2025-12-13 00:29,2025-12-13 00:29,success,64000,120,4,,0.7,0.6,0.0,,,babel_outputs/logs/rule_all_duckdb_reports/75427.log
run-7,check_for_identically_labeled_cliques,303,75424,2025-12-13 00:11,2025-12-13 00:20,success,1500000,120,4,,8.8,7.4,0.0,,,babel_outputs/logs/rule_check_for_identically_labeled_cliques/75424.log
run-7,check_for_duplicate_curies,304,75422,2025-12-13 00:11,2025-12-13 00:19,success,1500000,120,4,,8.2,6.8,0.0,,,babel_outputs/logs/rule_check_for_duplicate_curies/75422.log
run-7,check_for_duplicate_clique_leaders,305,75425,2025-12-13 00:11,2025-12-13 00:22,success,1500000,120,4,,11.3,9.5,0.0,,,babel_outputs/logs/rule_check_for_duplicate_clique_leaders/75425.log
run-7,generate_curie_report,306,75423,2025-12-13 00:11,2025-12-13 00:20,success,1500000,120,4,,8.8,7.4,0.0,,,babel_outputs/logs/rule_generate_curie_report/75423.log
run-7,generate_by_clique_report,307,75426,2025-12-13 00:11,2025-12-13 00:29,success,1500000,120,4,,17.9,14.9,0.0,,,babel_outputs/logs/rule_generate_by_clique_report/75426.log
run-7,export_all_to_kgx,308,75428,2025-12-13 00:39,2025-12-13 00:40,success,64000,120,4,,0.7,0.6,0.0,,,babel_outputs/logs/rule_export_all_to_kgx/75428.log
run-7,generate_kgx,330,75406,2025-12-13 00:07,2025-12-13 00:08,success,64000,360,4,filename=umls,0.7,0.2,0.0,,,babel_outputs/logs/rule_generate_kgx/umls/75406.log
run-7,generate_kgx,332,75402,2025-12-12 23:30,2025-12-13 00:39,success,64000,360,4,filename=Publication,68.9,19.1,0.0,,,babel_outputs/logs/rule_generate_kgx/Publication/75402.log
run-7,export_all_to_sapbert_training,333,75419,2025-12-13 00:10,2025-12-13 00:11,success,64000,120,4,,0.7,0.6,0.0,,,babel_outputs/logs/rule_export_all_to_sapbert_training/75419.log
run-7,generate_sapbert_training_data,350,75413,2025-12-13 00:09,2025-12-13 00:10,success,64000,360,4,filename=umls.txt,1.3,0.4,0.0,,,babel_outputs/logs/rule_generate_sapbert_training_data/umls.txt/75413.log
